{
  "info": {
    "name": "fx-deals",
    "schema": "https://schema.getpostman.com/json/collection/v2.1.0/collection.json"
  },
  "item": [
    {
      "name": "Import CSV",
      "request": {
        "method": "POST",
        "header": [],
        "body": {
          "mode": "formdata",
          "formdata": [
            {
              "key": "file",
              "type": "file",
              "src": "sample/sample-deals.csv"
            }
          ]
        },
        "url": {
          "raw": "http://localhost:8080/api/deals/import",
          "host": [
            "http://localhost:8080"
          ],
          "path": [
            "api",
            "deals",
            "import"
          ]
        }
      }
    },
    {
      "name": "Post single deal",
      "request": {
        "method": "POST",
        "header": [
          {
            "key": "Content-Type",
            "value": "application/json"
          }
        ],
        "body": {
          "mode": "raw",
          "raw": "{\"dealUniqueId\": \"D-999\", \"fromCurrency\": \"USD\", \"toCurrency\": \"EUR\", \"dealTimestamp\": \"2024-09-01T10:00:00Z\", \"amount\": 12345.67}"
        },
        "url": {
          "raw": "http://localhost:8080/api/deals",
          "host": [
            "http://localhost:8080"
          ],
          "path": [
            "api",
            "deals"
          ]
        }
      }
    }
  ]
}